pre,acc,recall,f1,FPR,FNR
97.93378142892706,97.64784053156146,97.66633565044687,97.79987569919204,0.023734629682585072,0.02333664349553128
