pre,acc,recall,f1,FPR,FNR
97.16009047499372,96.3455149501661,95.97815292949355,96.56550518296491,0.03231341149556763,0.04021847070506455
