pre,acc,recall,f1,FPR,FNR
98.16980172852058,96.83720930232558,95.87884806355511,97.01080130620447,0.020589076351158135,0.041211519364448855
