pre,acc,recall,f1,FPR,FNR
97.2585823660163,97.32890365448506,97.7656405163853,97.51145227188313,0.03174149270803546,0.022343594836146972
