pre,acc,recall,f1,FPR,FNR
95.94961718942949,95.9202657807309,96.4498510427011,96.19908381824935,0.046897340577637975,0.03550148957298908
