pre,acc,recall,f1,FPR,FNR
97.43331655762456,96.57142857142857,96.1271102284012,96.77580604848787,0.029167858164140692,0.038728897715988087
