pre,acc,recall,f1,FPR,FNR
97.35345040811279,97.35548172757476,97.71598808341608,97.5343823565853,0.030597655132971118,0.022840119165839126
