pre,acc,recall,f1,FPR,FNR
98.88087540412832,98.7109634551495,98.7090367428004,98.7948813517207,0.012868172719473835,0.012909632571996028
