pre,acc,recall,f1,FPR,FNR
98.612831310379,98.6312292358804,98.83316782522343,98.72287662740234,0.016013726050900772,0.01166832174776564
