pre,acc,recall,f1,FPR,FNR
97.20489143998003,96.74418604651163,96.69811320754717,96.95084007467331,0.032027452101801544,0.0330188679245283
