pre,acc,recall,f1,FPR,FNR
98.21965897693079,97.5813953488372,97.24428997020854,97.72954091816366,0.02030311695739205,0.027557100297914597
