pre,acc,recall,f1,FPR,FNR
95.75260804769002,95.42857142857143,95.70506454816285,95.72883039483486,0.048899056334000573,0.0429493545183714
