pre,acc,recall,f1,FPR,FNR
91.82587666263603,92.43853820598007,94.26514399205561,93.02952345951242,0.09665427509293681,0.057348560079443896
