pre,acc,recall,f1,FPR,FNR
94.6832298136646,94.27242524916943,94.61271102284013,94.64795728300011,0.061195310265942236,0.053872889771598806
