pre,acc,recall,f1,FPR,FNR
95.05240068242749,95.60132890365448,96.8222442899702,95.92916000491944,0.0580497569345153,0.031777557100297914
