pre,acc,recall,f1,FPR,FNR
95.1516658378916,94.7375415282392,95.00993048659384,95.0807453416149,0.055762081784386616,0.04990069513406157
