pre,acc,recall,f1,FPR,FNR
97.19979818365287,96.19933554817275,95.65541211519366,96.42142142142143,0.03174149270803546,0.04344587884806356
