pre,acc,recall,f1,FPR,FNR
97.37958572498128,96.93023255813954,96.87189672293943,97.12507778469197,0.03002573634543895,0.03128103277060576
