pre,acc,recall,f1,FPR,FNR
93.28630503527123,93.76744186046511,95.2085402184707,94.23762132940166,0.07892479267943953,0.04791459781529295
