pre,acc,recall,f1,FPR,FNR
98.73918417799753,98.87043189368771,99.15590863952333,98.94710764275982,0.014583929082070346,0.008440913604766634
