pre,acc,recall,f1,FPR,FNR
96.63616126638634,96.58471760797343,96.99602780536246,96.8157601288564,0.03889047755218759,0.030039721946375372
