pre,acc,recall,f1,FPR,FNR
95.86550435865504,95.41528239202658,95.55610724925522,95.7105557627751,0.047469259365170144,0.044438927507447865
