pre,acc,recall,f1,FPR,FNR
97.86016421995521,97.59468438538205,97.64150943396226,97.75071455200695,0.02459250786388333,0.02358490566037736
