pre,acc,recall,f1,FPR,FNR
98.27154308617234,97.68770764119601,97.39324726911619,97.83042394014963,0.01973119816985988,0.026067527308838132
