pre,acc,recall,f1,FPR,FNR
98.21782178217822,98.24584717607974,98.51042701092354,98.36390679226574,0.020589076351158135,0.014895729890764648
