pre,acc,recall,f1,FPR,FNR
98.5059508736389,97.38205980066445,96.57398212512413,97.53039989971167,0.01687160423219903,0.03426017874875869
