pre,acc,recall,f1,FPR,FNR
98.6160040261701,97.82059800664452,97.29394240317775,97.95051237190702,0.015727766657134688,0.027060575968222443
