pre,acc,recall,f1,FPR,FNR
97.57004711133152,97.46179401993356,97.69116186693148,97.63056692718024,0.02802402058907635,0.023088381330685203
