pre,acc,recall,f1,FPR,FNR
95.6989247311828,96.17275747508306,97.21946375372393,96.45320197044333,0.050328853302830996,0.027805362462760674
