pre,acc,recall,f1,FPR,FNR
97.58323057953145,97.75415282392026,98.23733862959286,97.9091921316343,0.02802402058907635,0.0176266137040715
