pre,acc,recall,f1,FPR,FNR
97.82934131736528,97.421926910299,97.34359483614698,97.58586361373818,0.024878467257649414,0.02656405163853029
