pre,acc,recall,f1,FPR,FNR
97.5024727992087,97.5282392026578,97.88977159880834,97.69573835480675,0.028881898770374607,0.021102284011916585
