pre,acc,recall,f1,FPR,FNR
97.28059332509271,97.30232558139534,97.69116186693148,97.48544531153227,0.031455533314269375,0.023088381330685203
