pre,acc,recall,f1,FPR,FNR
98.29629629629629,98.45847176079734,98.83316782522343,98.56400099034414,0.01973119816985988,0.01166832174776564
