pre,acc,recall,f1,FPR,FNR
90.25017535655834,92.22591362126245,95.8291956305859,92.95605057194462,0.11924506720045754,0.041708043694141016
