pre,acc,recall,f1,FPR,FNR
97.91875626880642,97.2624584717608,96.94637537239325,97.43013972055888,0.023734629682585072,0.030536246276067526
