pre,acc,recall,f1,FPR,FNR
97.89526434477574,97.27574750830564,96.99602780536246,97.4435715176456,0.024020589076351156,0.030039721946375372
