pre,acc,recall,f1,FPR,FNR
98.80686055182699,98.6578073089701,98.68421052631578,98.74549745373244,0.01372605090077209,0.013157894736842105
