pre,acc,recall,f1,FPR,FNR
97.73527931555108,96.89036544850498,96.42502482621649,97.07573106723319,0.02573634543894767,0.03574975173783516
