pre,acc,recall,f1,FPR,FNR
98.1254686328418,97.64784053156146,97.46772591857001,97.79549134387844,0.021446954532456392,0.0253227408142999
